{"loss": [3.6399545669555664, 3.636641025543213, 3.636484384536743, 3.636474132537842, 3.6364498138427734, 3.636451005935669, 3.6364400386810303, 3.6364400386810303, 3.6364529132843018, 3.636446237564087], "accuracy": [0.028394218534231186, 0.027654489502310753, 0.028735632076859474, 0.027981678023934364, 0.028223512694239616, 0.027768293395638466, 0.027896324172616005, 0.02795322611927986, 0.027867872267961502, 0.02766871452331543], "val_loss": [3.636219024658203, 3.636086940765381, 3.636070489883423, 3.636054754257202, 3.636051654815674, 3.636054277420044, 3.6360561847686768, 3.636052370071411, 3.6360487937927246, 3.6360528469085693], "val_accuracy": [0.028283633291721344, 0.028568176552653313, 0.028568176552653313, 0.028568176552653313, 0.028568176552653313, 0.028568176552653313, 0.028568176552653313, 0.028568176552653313, 0.028568176552653313, 0.028568176552653313]}